1,http://tmall.com
2,http://windowsupdate.com
3,http://baidu.com
4,http://sohu.com
5,http://taobao.com
6,http://360.cn
7,http://pinterest.com
8,http://googleusercontent.com
9,http://microsoftonline.com
10,http://sina.com.cn
11,http://ytimg.com
12,http://zhanqi.tv
13,http://cnn.com
14,http://yahoo.co.jp
15,http://forbes.com
16,http://theguardian.com
17,http://aliexpress.com
18,http://macromedia.com
19,http://akamaiedge.net
20,http://akadns.net
21,http://gvt2.com
22,http://huanqiu.com
23,http://wixsite.com
24,http://yy.com
25,http://17ok.com
26,http://office.net
27,http://ggpht.com
28,http://so.com
29,http://163.com
30,http://1688.com
31,http://facebook.net
32,http://babytree.com
33,http://msedge.net
34,http://hao123.com
35,http://hicloud.com
36,http://cloudfront.net
37,http://apple-dns.net
38,http://googletagservices.com
39,http://gome.com.cn
40,http://myspace.com
41,http://wa.me
42,http://akamaized.net
43,http://aliyun.com
44,http://akamai.net
45,http://amazon-adsystem.com
46,http://akamaihd.net
47,http://rednet.cn
48,http://msftncsi.com
49,http://cnzz.com
50,http://adnxs.com
51,http://gvt1.com
52,http://beian.gov.cn
53,http://twimg.com
54,http://fda.gov
55,http://msftconnecttest.com
56,http://tiktokcdn.com
57,http://51.la
58,http://demdex.net
59,http://alicdn.com
60,http://jiameng.com
61,http://azureedge.net
62,http://2mdn.net
63,http://edgekey.net
64,http://51sole.com
65,http://openx.net
66,http://rlcdn.com
67,http://netflix.net
68,http://linktr.ee
69,http://nflxso.net
70,http://businesswire.com
71,http://cdninstagram.com
72,http://zol.com.cn
73,http://momoshop.com.tw
74,http://umn.edu
75,http://inc.com
76,http://everesttech.net
77,http://trafficmanager.net
78,http://nflximg.com
79,http://nr-data.net
80,http://cnnic.cn
81,http://agkn.com
82,http://patch.com
83,http://quantserve.com
84,http://live.net
85,http://ubuntu.com
86,http://yimg.com
87,http://crwdcntrl.net
88,http://www.gov.cn
89,http://bet365.com
90,http://sfx.ms
91,http://mirror.co.uk
92,http://adsafeprotected.com
93,http://dns.google
94,http://adform.net
95,http://jsdelivr.net
96,http://e2ro.com
97,http://azurewebsites.net
98,http://nydailynews.com
99,http://gmw.cn
100,http://krxd.net
101,http://tencent.com
102,http://jianshu.com
103,http://idntimes.com
104,http://amap.com
105,http://edgesuite.net
106,http://tiktokcdn-in.com
107,http://exelator.com
108,http://costco.com
109,http://360doc.com
110,http://iyiou.com
111,http://sky.com
112,http://focus.cn
113,http://sq.cn
114,http://hatenablog.com
115,http://qpic.cn
116,http://licdn.com
117,http://goo.ne.jp
118,http://digitaltrends.com
119,http://shein.com
120,http://mookie1.com
121,http://nhk.or.jp
122,http://liansuo.com
123,http://1rx.io
124,http://ibicn.com
125,http://bbcollab.com
126,http://myqcloud.com
127,http://go-mpulse.net
128,http://cctv.com
129,http://globalsign.net
130,http://ssl-images-amazon.com
131,http://newegg.com
132,http://apachefriends.org
133,http://creativecdn.com
134,http://mdpi.com
135,http://dbs.com.sg
136,http://linksynergy.com
137,http://omtrdc.net
138,http://byteoversea.com
139,http://adsymptotic.com
140,http://pinterest.ca
141,http://kernel.org
142,http://umeng.com
143,http://w55c.net
144,http://miit.gov.cn
145,http://boc.cn
146,http://qlogo.cn
147,http://virginia.edu
148,http://bidr.io
149,http://sina.cn
150,http://bigcartel.com
151,http://dedecms.com
152,http://filesusr.com
153,http://myworkdayjobs.com
154,http://eastmoney.com
155,http://myworkday.com
156,http://banvenez.com
157,http://adobedtm.com
158,http://dbankcloud.com
159,http://qcloud.com
160,http://thehindu.com
161,http://businessweek.com
162,http://eghtesadonline.com
163,http://3gppnetwork.org
164,http://leboncoin.fr
165,http://msecnd.net
166,http://liadm.com
167,http://weather.gov
168,http://rfihub.com
169,http://dropboxusercontent.com
170,http://secomtrust.net
171,http://house365.com
172,http://army.mil
173,http://indexww.com
174,http://media-amazon.com
175,http://imrworldwide.com
176,http://cdn-apple.com
177,http://allrecipes.com
178,http://lww.com
179,http://shimo.im
180,http://yahoodns.net
181,http://mozilla.net
182,http://thestar.com
183,http://atdmt.com
184,http://babyschool.com.cn
185,http://rfc-editor.org
186,http://asahi.com
187,http://elsevierhealth.com
188,http://ads-twitter.com
189,http://staticflickr.com
190,http://cnki.net
191,http://jiathis.com
192,http://cnbeta.com
193,http://alibabausercontent.com
194,http://zhibo8.cc
195,http://lifo.gr
196,http://samsungcloud.com
197,http://stickyadstv.com
198,http://pcbaby.com.cn
199,http://japanpost.jp
200,http://navy.mil
201,http://nfl.com
202,http://me.com
203,http://usertrust.com
204,http://ew.com
205,http://washingtontimes.com
206,http://eqxiu.com
207,http://ed.ac.uk
208,http://accor.com
209,http://hexun.com
210,http://nta.go.jp
211,http://gov.ao
212,http://slatic.net
213,http://alimama.com
214,http://mydrivers.com
215,http://morningpost.com.cn
216,http://youdao.com
217,http://258.com
218,http://hawaii.edu
219,http://coupang.com
220,http://wixstatic.com
221,http://gvt3.com
222,http://symcd.com
223,http://kuronekoyamato.co.jp
224,http://madrasati.sa
225,http://docin.com
226,http://axisbank.co.in
227,http://vvvdj.com
228,http://youth.cn
229,http://securityfocus.com
230,http://vatican.va
231,http://creditchina.gov.cn
232,http://serving-sys.com
233,http://91jm.com
234,http://socdm.com
235,http://eee114.com
236,http://sfu.ca
237,http://gtimg.cn
238,http://quantcount.com
239,http://pinterest.co.uk
240,http://smartcloudcon.com
241,http://ebay.it
242,http://mozgcp.net
243,http://smaato.net
244,http://dangdang.com
245,http://11st.co.kr
246,http://xmnn.cn
247,http://uidai.gov.in
248,http://grammarly.io
249,http://line-apps.com
250,http://mhlw.go.jp
251,http://cointelegraph.com
252,http://krupdapp.com
253,http://tempo.co
254,http://9384.com
255,http://footprintdns.com
256,http://xiami.com
257,http://refinery29.com
258,http://skroutz.gr
259,http://avcdn.net
260,http://gwu.edu
261,http://oeeee.com
262,http://outbrainimg.com
263,http://semasio.net
264,http://af.mil
265,http://lawtime.cn
266,http://aspnetcdn.com
267,http://msauth.net
268,http://hbs.edu
269,http://fbpigeon.com
270,http://telephony.goog
271,http://realsrv.com
272,http://ctrip.com
273,http://yp.to
274,http://clickbank.net
275,http://addthisedge.com
276,http://sbisec.co.jp
277,http://uniqlo.com
278,http://phicdn.net
279,http://msftauth.net
280,http://epfindia.gov.in
281,http://ibytedtos.com
282,http://scdn.co
283,http://2345.com
284,http://mozaws.net
285,http://owneriq.net
286,http://thepaper.cn
287,http://rackcdn.com
288,http://weathercn.com
289,http://drom.ru
290,http://yandex.net
291,http://cpic.com.cn
292,http://technoratimedia.com
293,http://mmstat.com
294,http://medicinenet.com
295,http://gamersky.com
296,http://heytapmobile.com
297,http://parsfootball.com
298,http://tiqcdn.com
299,http://heytapdl.com
300,http://doxygen.nl
301,http://topfo.com
302,http://pikiran-rakyat.com
303,http://chinaz.com
304,http://faa.gov
305,http://wikispaces.com
306,http://sedo.com
307,http://jb51.net
308,http://zlib.net
309,http://mufg.jp
310,http://ynet.com
311,http://akstat.io
312,http://doxygen.org
313,http://sjtu.edu.cn
314,http://cri.cn
315,http://dropboxapi.com
316,http://gh0089.com
317,http://kdslife.com
318,http://wistia.net
319,http://moatpixel.com
320,http://ebrun.com
321,http://dbankcloud.eu
322,http://ksl.com
323,http://ksmobile.com
324,http://dbankcdn.com
325,http://pinterest.de
326,http://tomsguide.com
327,http://ipredictive.com
328,http://netdna-cdn.com
329,http://ibyteimg.com
330,http://chooseauto.com.cn
331,http://seasonvar.ru
332,http://17track.net
333,http://fastcgi.com
334,http://znds.com
335,http://ec-lyon.fr
336,http://tidaltv.com
337,http://samsungosp.com
338,http://onlinedown.net
339,http://hc360.com
340,http://rtl-theme.com
341,http://eia.gov
342,http://dbankcloud.cn
343,http://firefoxchina.cn
344,http://adentifi.com
345,http://root-servers.net
346,http://line-scdn.net
347,http://fazenda.gov.br
348,http://tsinghua.edu.cn
349,http://apple-cloudkit.com
350,http://pulzo.com
351,http://slackb.com
352,http://firebaseio.com
353,http://symcb.com
354,http://hangseng.com
355,http://rakuten.ne.jp
356,http://myftpupload.com
357,http://dyntrk.com
358,http://a-msedge.net
359,http://yodobashi.com
360,http://banesconline.com
361,http://wassenaar.org
362,http://51auto.com
363,http://ijg.org
364,http://nocookie.net
365,http://demon.co.uk
366,http://cloudwaysapps.com
367,http://republika.co.id
368,http://tianqi.com
369,http://chinatax.gov.cn
370,http://freetds.org
371,http://cnrs.fr
372,http://pstatp.com
373,http://xjtu.edu.cn
374,http://netease.com
375,http://cofile.net
376,http://thebrighttag.com
377,http://imooc.com
378,http://specbench.org
379,http://alibabadns.com
380,http://nelreports.net
381,http://nate.com
382,http://familydoctor.com.cn
383,http://net-a-porter.com
384,http://iplanet.com
385,http://3dmgame.com
386,http://7-zip.org
387,http://39.net
388,http://golux.com
389,http://ib-ibi.com
390,http://githubusercontent.com
391,http://anrdoezrs.net
392,http://wangdaidongfang.com
393,http://mofcom.gov.cn
394,http://slack-edge.com
395,http://yenisafak.com
396,http://news.cn
397,http://c-span.org
398,http://meti.go.jp
399,http://apachetutor.org
400,http://cfsbcn.com
401,http://lieyunwang.com
402,http://ipv4only.arpa
403,http://tsichuan.com
404,http://microsoftstream.com
405,http://gingerall.com
406,http://kaspersky-labs.com
407,http://u-tokyo.ac.jp
408,http://eum-appdynamics.com
409,http://mykajabi.com
410,http://postimg.org
411,http://oneindia.com
412,http://ctnsnet.com
413,http://sc-cdn.net
414,http://netperf.org
415,http://bodybuilding.com
416,http://fwmrm.net
417,http://moe.gov.cn
418,http://sznews.com
419,http://bisnis.com
420,http://jst.go.jp
421,http://zdassets.com
422,http://imgix.net
423,http://mihoyo.com
424,http://eklablog.com
425,http://geocities.jp
426,http://state.tx.us
427,http://company-target.com
428,http://atwola.com
429,http://autohome.com.cn
430,http://bfmio.com
431,http://bzw315.com
432,http://nsatc.net
433,http://mirconnect.ru
434,http://xiu.com
435,http://goldcarpet.cn
436,http://rapidshare.com
437,http://cloudsink.net
438,http://caf.fr
439,http://glpals.com
440,http://boohoo.com
441,http://beijing.gov.cn
442,http://index-education.net
443,http://game-mode.net
444,http://isnssdk.com
445,http://meb.gov.tr
446,http://postbacks.net
447,http://steamstatic.com
448,http://a2z.com
449,http://pconline.com.cn
450,http://ss2.us
451,http://svc.ms
452,http://mercantilbanco.com
453,http://siamswim.com
454,http://bcebos.com
455,http://s-microsoft.com
456,http://epfl.ch
457,http://9lianmeng.com
458,http://chinajsq.cn
459,http://buenotraffic.com
460,http://ad-m.asia
461,http://ifeng.com
462,http://omnitagjs.com
463,http://ebayimg.com
464,http://9978.cn
465,http://ksmobile.net
466,http://hik-connect.com
467,http://aadrm.com
468,http://postrelease.com
469,http://52pojie.cn
470,http://khaleejtimes.com
471,http://msidentity.com
472,http://yxdown.com
473,http://html5up.net
474,http://epwk.com
475,http://footprint.net
476,http://bankmellat.ir
477,http://xtx6.com
478,http://gridoto.com
479,http://cint.com
480,http://bldrdoc.gov
481,http://afp.com
482,http://clean.gg
483,http://jwpcdn.com
484,http://weather.com.cn
485,http://cocolog-nifty.com
486,http://beyla.site
487,http://b2clogin.com
488,http://eshkol.io
489,http://wantedly.com
490,http://techweb.com.cn
491,http://symantecliveupdate.com
492,http://gxu.edu.cn
493,http://sabah.com.tr
494,http://sh.gov.cn
495,http://garenanow.com
496,http://andersnoren.se
497,http://bdurl.net
498,http://worldoftanks.eu
499,http://imo.im
500,http://ntu.edu.tw
501,http://cedexis-radar.net
502,http://disquscdn.com
503,http://esy.es
504,http://s-msedge.net
505,http://myvisualiq.net
506,http://365jia.cn
507,http://sophosupd.com
508,http://jdoqocy.com
509,http://mybigcommerce.com
510,http://people.cn
511,http://onmicrosoft.com
512,http://uni-muenchen.de
513,http://fang.com
514,http://images-amazon.com
515,http://hnu.edu.cn
516,http://envato.market
517,http://tci.ir
518,http://skypeassets.com
519,http://internetdownloadmanager.com
520,http://travelfornamewalking.ga
521,http://alternet.org
522,http://globaltimes.cn
523,http://kroger.com
524,http://redditstatic.com
525,http://myperfect2give.com
526,http://dbankcloud.asia
527,http://tamin.ir
528,http://tkqlhce.com
529,http://paytm.in
530,http://greenend.org.uk
531,http://erne.co
532,http://aliapp.org
533,http://saksfifthavenue.com
534,http://salesforceliveagent.com
535,http://crisp.chat
536,http://zingmp3.vn
537,http://society6.com
538,http://esteri.it
539,http://laposte.fr
540,http://producthunt.com
541,http://dpbolvw.net
542,http://maine.gov
543,http://bts.gov
544,http://wzrkt.com
545,http://unh.edu
546,http://kqzyfj.com
547,http://se.com
548,http://vancouversun.com
549,http://kiplinger.com
550,http://ssacdn.com
551,http://surveygizmo.com
552,http://quantcast.com
553,http://gesetze-im-internet.de
554,http://googlecode.com
555,http://toto803.com
556,http://gao7.com
557,http://duosecurity.com
558,http://alltrails.com
559,http://360safe.com
560,http://dangbei.com
561,http://href.li
562,http://wps.cn
563,http://tfl.gov.uk
564,http://thejakartapost.com
565,http://commondreams.org
566,http://fnac.com
567,http://giglio.com
568,http://warcraftlogs.com
569,http://peacocktv.com
570,http://capterra.com
571,http://99designs.com
572,http://d1ev.com
573,http://nghttp2.org
574,http://rpi.edu
575,http://ohio-state.edu
576,http://jiemian.com
577,http://b-cdn.net
578,http://mwbsys.com
579,http://fendi.com
580,http://seriouseats.com
581,http://clemson.edu
582,http://case.edu
583,http://inkscape.org
584,http://ladsp.com
585,http://r-project.org
586,http://djangoproject.com
587,http://openedition.org
588,http://cplusplus.com
589,http://tf1.fr
590,http://extend.tv
591,http://akhbarelyom.com
592,http://szu.edu.cn
593,http://ipstatp.com
594,http://lendingtree.com
595,http://avct.cloud
596,http://pinterest.es
597,http://a-mo.net
598,http://messefrankfurt.com
599,http://rqmob.com
600,http://inner-active.mobi
601,http://google.com.ec
602,http://digiday.com
603,http://xbytessolutions.com
604,http://seattlepi.com
605,http://golang.org
606,http://specificfeeds.com
607,http://sii.cl
608,http://mail.com
609,http://state.co.us
610,http://edupage.org
611,http://cas.cn
612,http://myfreecams.com
613,http://amgdgt.com
614,http://gtimg.com
615,http://s-onetag.com
616,http://zhiding.cn
617,http://mlit.go.jp
618,http://kia.com
619,http://urldefense.com
620,http://yayoi-kk.co.jp
621,http://progressive.com
622,http://haplat.net
623,http://oath.cloud
624,http://hea.cn
625,http://adobeconnect.com
626,http://sc-prod.net
627,http://sunsu521.com
628,http://intercomcdn.com
629,http://idaho.gov
630,http://netcraft.com
631,http://megaupload.com
632,http://stripe.network
633,http://chinagate.cn
634,http://hotjar.io
635,http://ndrc.gov.cn
636,http://51cto.com
637,http://shifen.com
638,http://jugantor.com
639,http://bozhong.com
640,http://hltv.org
641,http://vidible.tv
642,http://samsungcloudsolution.net
643,http://126.net
644,http://shiksha.com
645,http://tencent-cloud.net
646,http://lamabang.com
647,http://sf-express.com
648,http://nflxext.com
649,http://samsungdm.com
650,http://bestbuy.ca
651,http://dv37.com
652,http://pullcm.com
653,http://docomo.ne.jp
654,http://mof.gov.cn
655,http://europa.eu.int
656,http://adtimaserver.vn
657,http://popin.cc
658,http://adtdp.com
659,http://miitbeian.gov.cn
660,http://hsforms.com
661,http://smbc-card.com
662,http://easyjet.com
663,http://kobo.com
664,http://7po.com
665,http://jrj.com.cn
666,http://7gz.com
667,http://fanlibang.com
668,http://12371.cn
669,http://topsy.com
670,http://mi-img.com
671,http://fx678.com
672,http://vidal.fr
673,http://jimdosite.com
674,http://pullcf.com
675,http://scene7.com
676,http://xunlei.com
677,http://l-msedge.net
678,http://wsimg.com
679,http://heytapimg.com
680,http://elperiodico.com
681,http://doorblog.jp
682,http://ssg.com
683,http://amtrak.com
684,http://newsnow.co.uk
685,http://discordapp.net
686,http://pinterest.com.au
687,http://bloomingdales.com
688,http://rtactivate.com
689,http://most.gov.cn
690,http://nttdocomo.co.jp
691,http://zulily.com
692,http://10jqka.com.cn
693,http://fmprc.gov.cn
694,http://newsvine.com
695,http://easytomessage.com
696,http://pangle.io
697,http://reson8.com
698,http://17qq.com
699,http://dzwww.com
700,http://llnwd.net
701,http://jagonews24.com
702,http://carriersignal.info
703,http://alibaba-inc.com
704,http://hs-scripts.com
705,http://agenciatributaria.gob.es
706,http://ali213.net
707,http://servenobid.com
708,http://brassring.com
709,http://px-cloud.net
710,http://etsystatic.com
711,http://yjc.ir
712,http://samsungcloudsolution.com
713,http://ithome.com
714,http://smbc.co.jp
715,http://fishki.net
716,http://smzdm.com
717,http://businesstoday.com.tw
718,http://wenming.cn
719,http://kuaishou.com
720,http://doe.gov
721,http://rikunabi.com
722,http://turner.com
723,http://hs-banner.com
724,http://hs-analytics.net
725,http://cyberpolice.cn
726,http://anticheatexpert.com
727,http://xboxab.com
728,http://denetsuk.com
729,http://jit.si
730,http://stats.gov.cn
731,http://abchina.com
732,http://ctfassets.net
733,http://cognitivlabs.com
734,http://xitek.com
735,http://ibanking-services.com
736,http://g2a.com
737,http://weidian.com
738,http://sharepointonline.com
739,http://vimeocdn.com
740,http://ooopic.com
741,http://cgtn.com
742,http://almubasher.com.sa
743,http://mofa.go.jp
744,http://douyincdn.com
745,http://v-mate.mobi
746,http://azurefd.net
747,http://123-reg-new-domain.co.uk
748,http://rs-online.com
749,http://foodmate.net
750,http://cqhot.cn
751,http://obsproject.com
752,http://emb-japan.go.jp
753,http://las2orillas.co
754,http://rivals.com
755,http://thalesgroup.com
756,http://gigya.com
757,http://sciencenet.cn
758,http://ctobsnssdk.com
759,http://worldfcdn.com
760,http://tbcache.com
761,http://kent.edu
762,http://nsdl.com
763,http://opentracker.xyz
764,http://lululemon.com
765,http://hackp.cn
766,http://amazonalexa.com
767,http://7k7k.com
768,http://almasryalyoum.com
769,http://secureinternetbank.com
770,http://e-taxes.gov.az
771,http://csic.es
772,http://secu100.com
773,http://netteller.com
774,http://jpn.org
775,http://jamfcloud.com
776,http://soton.ac.uk
777,http://gameforge.com
778,http://rai.it
779,http://wsdvs.com
780,http://line.biz
781,http://zju.edu.cn
782,http://lightinthebox.com
783,http://subway.com
784,http://ename.com
785,http://qvc.com
786,http://gsxt.gov.cn
787,http://daumcdn.net
788,http://ladsp.jp
789,http://g2afse.com
790,http://cash28.com.cn
791,http://nintendo.net
792,http://dmxleo.com
793,http://b-msedge.net
794,http://oppo.com
795,http://clarium.io
796,http://iam.gov.sa
797,http://pusher.com
798,http://agenciatributaria.es
799,http://bumlam.com
800,http://tanx.com
801,http://playstation.net
802,http://bicentenariobu.com
803,http://rezync.com
804,http://japannetbank.co.jp
805,http://utm.edu
806,http://v0cdn.net
807,http://e2ma.net
808,http://hupu.com
809,http://bancoestado.cl
810,http://corporate-ir.net
811,http://en-japan.com
812,http://biz.ua
813,http://pbc.gov.cn
814,http://ust.hk
815,http://dmkt-sp.jp
816,http://dreamhosters.com
817,http://mizuhobank.co.jp
818,http://transunion.com
819,http://yidianzixun.com
820,http://mozit.cloud
821,http://court.gov.cn
822,http://simplemachines.org
823,http://samsungqbe.com
824,http://tue.nl
825,http://tongdun.net
826,http://gamedog.cn
827,http://arcot.com
828,http://im-apps.net
829,http://collegedunia.com
830,http://microchip.com
831,http://vmall.com
832,http://ccgp.gov.cn
833,http://eqads.com
834,http://guancha.cn
835,http://interpark.com
836,http://ondemand.com
837,http://cdngslb.com
838,http://microsoftazuread-sso.com
839,http://fdic.gov
840,http://online-metrix.net
841,http://liveperson.net
842,http://pchouse.com.cn
843,http://spotifycdn.com
844,http://jma.go.jp
845,http://trezor.io
846,http://saic.gov.cn
847,http://techopedia.com
848,http://nat.gov.tw
849,http://astm.org
850,http://teslamotors.com
851,http://msocsp.com
852,http://adobess.com
853,http://bnmla.com
854,http://oas.org
855,http://edgecastdns.net
856,http://piojm.tech
857,http://hol.es
858,http://rabbitpre.com
859,http://a9vg.com
860,http://ftchinese.com
861,http://xmsecu.io
862,http://mafengwo.cn
863,http://liepin.com
864,http://mohurd.gov.cn
865,http://sc.gov
866,http://thanhnien.vn
867,http://ackcdn.net
868,http://wmgtr.com
869,http://siteimproveanalytics.io
870,http://vzwwo.com
871,http://sc-gw.com
872,http://whu.edu.cn
873,http://nflximg.net
874,http://byteoversea.net
875,http://rarlab.com
876,http://squarespace-cdn.com
877,http://corpscorp.online
878,http://ksosoft.com
879,http://apple-dns.cn
880,http://rutor.info
881,http://pro-market.net
882,http://imotech.tech
883,http://tom.com
884,http://ua.es
885,http://oaspapps.com
886,http://ttvnw.net
887,http://clientgear.com
888,http://connexity.net
889,http://e-msedge.net
890,http://ruliweb.com
891,http://beniculturali.it
892,http://customs.gov.cn
893,http://tyc.edu.tw
894,http://sagawa-exp.co.jp
895,http://webrootcloudav.com
896,http://pangolin-sdk-toutiao.com
897,http://gfan.com
898,http://sbps.jp
899,http://rr.com
900,http://pstatic.net
901,http://mxpnl.com
902,http://rbxcdn.com
903,http://dc-msedge.net
904,http://baseball-reference.com
905,http://wegotthiscovered.com
906,http://ap.gov.in
907,http://4dex.io
908,http://freesound.org
909,http://6789.com
910,http://tsyndicate.com
911,http://4399.com
912,http://en25.com
913,http://blackmagicdesign.com
914,http://neea.edu.cn
915,http://dislanelibrar.top
916,http://shopifysvc.com
917,http://cedexis.net
918,http://emc.com
919,http://cpx.to
920,http://xmsecu100.net
921,http://anl.gov
922,http://cerrhgddd.com
923,http://moe.edu.cn
924,http://up.ac.za
925,http://umengcloud.com
926,http://madrid.org
927,http://yximgs.com
928,http://mohrss.gov.cn
929,http://uv.es
930,http://heraldnet.com
931,http://dropbox-dns.com
932,http://googlezip.net
933,http://wroc.pl
934,http://us.es
935,http://720yun.com
936,http://sentinelone.net
937,http://ewaybillgst.gov.in
938,http://theodysseyonline.com
939,http://gcloudcs.com
940,http://netbk.co.jp
941,http://sbixby.com
942,http://qhimg.com
943,http://qianlong.com
944,http://tendawifi.com
945,http://u17.com
946,http://cheqzone.com
947,http://ok.gov
948,http://ftx.com
949,http://sme.sk
950,http://baishan-cloud.net
951,http://fashionnova.com
952,http://inscloudgate.net
953,http://sgsnssdk.com
954,http://chuansong.me
955,http://pptv.com
956,http://120ask.com
957,http://zj.gov.cn
958,http://bizographics.com
959,http://upv.es
960,http://wpcomstaging.com
961,http://c-msedge.net
962,http://livedoor.biz
963,http://st.com
964,http://lpsnmedia.net
965,http://kunlunsl.com
966,http://worldoftanks.ru
967,http://rundsp.com
968,http://aaxads.com
969,http://ruc.edu.cn
970,http://etnet.com.hk
971,http://saisoncard.co.jp
972,http://soumu.go.jp
973,http://caisse-epargne.fr
974,http://de.vu
975,http://royanews.tv
976,http://loex.io
977,http://wpscdn.cn
978,http://llink.site
979,http://stackpathcdn.com
980,http://sail-horizon.com
981,http://canoe.ca
982,http://sling.com
983,http://21food.cn
984,http://cq.gov.cn
985,http://koolearn.com
986,http://plin.im
987,http://cumhuriyet.com.tr
988,http://neoldu.com
989,http://baixing.com
990,http://mobilesystemservice.com
991,http://desdev.cn
992,http://liberty.edu
993,http://51y5.net
994,http://tigris.org
995,http://createspace.com
996,http://pinterest.it
997,http://tokyo.lg.jp
998,http://nhc.gov.cn
999,http://sunat.gob.pe
1000,http://pglstatp-toutiao.com
1001,http://mca.gov.in
1002,http://youngjoygame.com
1003,http://aolcdn.com
1004,http://xinmin.cn
1005,http://monex.co.jp
1006,http://xvideos-cdn.com
1007,http://slidesharecdn.com
1008,http://dcloud.net.cn
1009,http://pinterest.ru
1010,http://editorialmanager.com
1011,http://k-msedge.net
1012,http://royalgazette.com
1013,http://cnsnews.com
1014,http://unicamp.br
1015,http://swagtraffcom.com
1016,http://hi-ho.ne.jp
1017,http://mca.gov.cn
1018,http://clarity.ms
1019,http://iqilu.com
1020,http://igamecj.com
1021,http://nii.ac.jp
1022,http://8m.com
1023,http://lenovomm.com
1024,http://fontspace.com
1025,http://queue-it.net
1026,http://cloudflare-dns.com
1027,http://uned.es
1028,http://dtic.mil
1029,http://donanimhaber.com
1030,http://samsungpositioning.com
1031,http://hpplay.cn
1032,http://alwakeelnews.com
1033,http://sverigesradio.se
1034,http://hzmklvdieo.com
1035,http://netpnb.com
1036,http://bjx.com.cn
1037,http://osd.mil
1038,http://vindicosuite.com
1039,http://artfire.com
1040,http://spo-msedge.net
1041,http://huffingtonpost.fr
1042,http://googlehosted.com
1043,http://medtronic.com
1044,http://sentry-cdn.com
1045,http://tribuneindia.com
1046,http://moe.edu.cn
1047,http://up.ac.za
1048,http://umengcloud.com
1049,http://madrid.org
1050,http://56.com
1051,http://justwatch.com
1052,http://atom.io
1053,http://yximgs.com
1054,http://mohrss.gov.cn
1055,http://uv.es
1056,http://ofweek.com
1057,http://heraldnet.com
1058,http://dropbox-dns.com
1059,http://boots.com
1060,http://thelocal.se
1061,http://googlezip.net
1062,http://wroc.pl
1063,http://us.es
1064,http://themify.me
1065,http://sentinelone.net
1066,http://ewaybillgst.gov.in
1067,http://gazzetta.gr
1068,http://gcloudcs.com
1069,http://netbk.co.jp
1070,http://findlaw.cn
1071,http://thefederalist.com
1072,http://sbixby.com
1073,http://qhimg.com
1074,http://qianlong.com
1075,http://tendawifi.com
1076,http://u17.com
1077,http://cnnturk.com
1078,http://cheqzone.com
1079,http://ok.gov
1080,http://sme.sk
1081,http://darkreading.com
1082,http://pcloud.com
1083,http://baishan-cloud.net
1084,http://fashionnova.com
1085,http://inscloudgate.net
1086,http://sgsnssdk.com
1087,http://chuansong.me
1088,http://120ask.com
1089,http://zj.gov.cn
1090,http://bizographics.com
1091,http://upv.es
1092,http://cadenaser.com
1093,http://chicagobusiness.com
1094,http://wpcomstaging.com
1095,http://c-msedge.net
1096,http://livedoor.biz
1097,http://st.com
1098,http://lpsnmedia.net
1099,http://kunlunsl.com
1100,http://rundsp.com
1101,http://aaxads.com
1102,http://ruc.edu.cn
1103,http://etnet.com.hk
1104,http://dolcegabbana.com
1105,http://qunar.com
1106,http://mako.co.il
1107,http://saisoncard.co.jp
1108,http://soumu.go.jp
1109,http://caisse-epargne.fr
1110,http://de.vu
1111,http://royanews.tv
1112,http://loex.io
1113,http://wpscdn.cn
1114,http://stackpathcdn.com
1115,http://eetimes.com
1116,http://sail-horizon.com
1117,http://fzg360.com
1118,http://canoe.ca
1119,http://coinone.co.kr
1120,http://21food.cn
1121,http://cq.gov.cn
1122,http://koolearn.com
1123,http://plin.im
1124,http://cmcm.com
1125,http://cumhuriyet.com.tr
1126,http://bankcomm.com
1127,http://baixing.com
1128,http://ca800.com
1129,http://mobilesystemservice.com
1130,http://desdev.cn
1131,http://liberty.edu
1132,http://51y5.net
1133,http://699pic.com
1134,http://tigris.org
1135,http://createspace.com
1136,http://interestingengineering.com
1137,http://pinterest.it
1138,http://tokyo.lg.jp
1139,http://nhc.gov.cn
1140,http://sunat.gob.pe
1141,http://pglstatp-toutiao.com
1142,http://kita.net
1143,http://youngjoygame.com
1144,http://aolcdn.com
1145,http://xinmin.cn
1146,http://uniroma1.it
1147,http://monex.co.jp
1148,http://xvideos-cdn.com
1149,http://slidesharecdn.com
1150,http://dcloud.net.cn
1151,http://dailysabah.com
1152,http://oricon.co.jp
1153,http://latercera.com
1154,http://uni-muenster.de
1155,http://editorialmanager.com
1156,http://k-msedge.net
1157,http://17173.com
1158,http://unicamp.br
1159,http://swagtraffcom.com
1160,http://hi-ho.ne.jp
1161,http://mca.gov.cn
1162,http://iqilu.com
1163,http://igamecj.com
1164,http://nii.ac.jp
1165,http://58pic.com
1166,http://8m.com
1167,http://lenovomm.com
1168,http://fontspace.com
1169,http://queue-it.net
1170,http://cloudflare-dns.com
1171,http://uned.es
1172,http://dtic.mil
1173,http://duba.net
1174,http://4.cn
1175,http://samsungpositioning.com
1176,http://hzmklvdieo.com
1177,http://netpnb.com
1178,http://bjx.com.cn
1179,http://eol.cn
1180,http://osd.mil
1181,http://woshipm.com
1182,http://vindicosuite.com
1183,http://artfire.com
1184,http://spo-msedge.net
1185,http://huffingtonpost.fr
1186,http://googlehosted.com
1187,http://medtronic.com
1188,http://sentry-cdn.com
1189,http://uni-leipzig.de
1190,http://bobvila.com
1191,http://eatingwell.com
1192,http://offcn.com
1193,http://acfun.cn
1194,http://marketbeat.com
1195,http://lsosad.com
1196,http://sail-personalize.com
1197,http://nel.goog
1198,http://mypearson.com
1199,http://associates-amazon.com
1200,http://fujitv.co.jp
1201,http://66law.cn
1202,http://sipo.gov.cn
1203,http://pddpic.com
1204,http://pcauto.com.cn
1205,http://nju.edu.cn
1206,http://freeserve.co.uk
1207,http://hebnews.cn
1208,http://brunch.co.kr
1209,http://conferdeploy.net
1210,http://mozilla-europe.org
1211,http://hasil.gov.my
1212,http://english-heritage.org.uk
1213,http://picturepush.com
1214,http://oilprice.com
1215,http://calgaryherald.com
1216,http://goodreturns.in
1217,http://etymonline.com
1218,http://ruby-lang.org
1219,http://costco.ca
1220,http://finanzen.net
1221,http://kuwo.cn
1222,http://instabug.com
1223,http://9game.cn
1224,http://blogimg.jp
1225,http://ic.ac.uk
1226,http://mext.go.jp
1227,http://mostaghelonline.com
1228,http://bkrtx.com
1229,http://affiliatelabz.com
1230,http://gumtree.com
1231,http://lgtvsdp.com
1232,http://elcorteingles.es
1233,http://yimg.jp
1234,http://bget.ru
1235,http://vox-cdn.com
1236,http://douyinvod.com
1237,http://byted.org
1238,http://clmbtech.com
1239,http://hani.co.kr
1240,http://rootsweb.com
1241,http://theporndude.com
1242,http://dbnnmmxo.com
1243,http://gifshow.com
1244,http://hooyoo.com
1245,http://zap2it.com
1246,http://darpa.mil
1247,http://geoedge.be
1248,http://pdfescape.com
1249,http://liuxue86.com
1250,http://alabama.gov
1251,http://mrpdata.net
1252,http://idqqimg.com
1253,http://cudasvc.com
1254,http://sinica.edu.tw
1255,http://mt.co.kr
1256,http://cloudscar.com
1257,http://vim.org
1258,http://samsungiotcloud.com
1259,http://opera.software
1260,http://bscscan.com
1261,http://flashscore.ru
1262,http://unu.edu
1263,http://azureedge.us
1264,http://microsofttranslator.com
1265,http://aiv-delivery.net
1266,http://dion.ne.jp
1267,http://bajajfinserv.in
1268,http://x-mol.com
1269,http://lowyat.net
1270,http://ksord.com
1271,http://elespectador.com
1272,http://gov.hu
1273,http://postmates.com
1274,http://588ku.com
1275,http://fastpic.ru
1276,http://aeroflot.ru
1277,http://shangri-la.com
1278,http://jreast.co.jp
1279,http://truecar.com
1280,http://buddypress.org
1281,http://ck-ie.com
1282,http://nchsoftware.com
1283,http://delfi.lv
1284,http://lianjia.com
1285,http://nikkei.co.jp
1286,http://vietcombank.com.vn
1287,http://geoadnxs.com
1288,http://choosemyplate.gov
1289,http://lordfilm.wiki
1290,http://bao315.com
1291,http://realtime-bid.com
1292,http://heytapimage.com
1293,http://extendoffice.com
1294,http://bham.ac.uk
1295,http://xzjdjx.com
1296,http://sulekha.com
1297,http://xianjichina.com
1298,http://niuche.com
1299,http://tenpay.com
1300,http://azurefd.us
1301,http://zencdn.net
1302,http://ruhr-uni-bochum.de
1303,http://strath.ac.uk
1304,http://price.com.hk
1305,http://hsadspixel.net
1306,http://csc.gov.in
1307,http://network-auth.com
1308,http://businessdictionary.com
1309,http://dtscdn.com
1310,http://zum.com
1311,http://sumitomokenki.com.cn
1312,http://pe.com
1313,http://1001fonts.com
1314,http://anvato.net
1315,http://mrtnsvr.com
1316,http://motherless.com
1317,http://braintreegateway.com
1318,http://lusongsong.com
1319,http://chinamobile.com
1320,http://b92.net
1321,http://zhangyu.tv
1322,http://firstcry.com
1323,http://steamcontent.com
1324,http://boltdns.net
1325,http://clustrmaps.com
1326,http://yuanzhanapp.com
1327,http://gda.pl
1328,http://env.go.jp
1329,http://mymovies.it
1330,http://radiko.jp
1331,http://biccamera.com
1332,http://qidian.com
1333,http://yaml.org
1334,http://10fastfingers.com
1335,http://capital.gr
1336,http://leetcode-cn.com
1337,http://delfi.lt
1338,http://amcs-tachyon.com
1339,http://gfx.ms
1340,http://thestate.com
1341,http://ucd.ie
1342,http://10086.cn
1343,http://uscg.mil
1344,http://cp4srvng.xyz
1345,http://trueleadid.com
1346,http://cachefly.net
1347,http://cloudsign.jp
1348,http://brew.sh
1349,http://wpu.sh
1350,http://cmbc.com.cn
1351,http://178.com
1352,http://a3cloud.net
1353,http://gongchang.com
1354,http://optimizesrv.com
1355,http://csrc.gov.cn
1356,http://gem.gov.in
1357,http://guidechem.com
1358,http://jiangsu.gov.cn
1359,http://adtng.com
1360,http://2o7.net
1361,http://mps.gov.cn
1362,http://icptrack.com
1363,http://t-msedge.net
1364,http://panorama.com.al
1365,http://cpta.com.cn
1366,http://ebc.com.br
1367,http://ge.tt
1368,http://crossfit.com
1369,http://opoxv.com
1370,http://pcisecuritystandards.org
1371,http://17zwd.com
1372,http://xcar.com.cn
1373,http://nex8.net
1374,http://lifehacker.ru
1375,http://jomodns.com
1376,http://knoji.com
1377,http://bt.cn
1378,http://360buyimg.com
1379,http://clicktale.net
1380,http://ellitoral.com
1381,http://afisha.ru
1382,http://chuandong.com
1383,http://tn.edu.tw
1384,http://delfi.ee
1385,http://16mb.com
1386,http://127.net
1387,http://adtilt.com
1388,http://unina.it
1389,http://buny.uk
1390,http://mapbar.com
1391,http://theprint.in
1392,http://ebaystatic.com
1393,http://cheshi.com
1394,http://chinaacc.com
1395,http://zhuwang.cc
1396,http://pinterest.co.kr
1397,http://extremereach.io
1398,http://revolve.com
1399,http://sohatv.vn
1400,http://jaxa.jp
1401,http://300.cn
1402,http://goo-net.com
1403,http://wpscdn.com
1404,http://perimeterx.net
1405,http://tongji.edu.cn
1406,http://opensubtitles.org
1407,http://walkerland.com.tw
1408,http://calibre-ebook.com
1409,http://googleapis.cn
1410,http://to10.gr
1411,http://wenjuan.com
1412,http://kdjz.com
1413,http://wlp-acs.com
1414,http://tvbs.com.tw
1415,http://melia.com
1416,http://taipeitimes.com
1417,http://agpd.es
1418,http://marketo.net
1419,http://cybereason.net
1420,http://dartsearch.net
1421,http://boxcdn.net
1422,http://de17a.com
1423,http://fabric.com
1424,http://dideman.com
1425,http://southmoney.com
1426,http://hikvision.com
1427,http://jianzhi8.com
1428,http://hsn.com
1429,http://wal-mart.com
1430,http://samsungrs.com
1431,http://gssprt.jp
1432,http://stackpathdns.com
1433,http://ascii.jp
1434,http://brownsfashion.com
1435,http://guitarcenter.com
1436,http://webhostbox.net
1437,http://asiae.co.kr
1438,http://babylon.com
1439,http://gurufocus.com
1440,http://dontkinhooot.tw
1441,http://xinnet.com
1442,http://samba.org
1443,http://manualslib.com
1444,http://opera-api.com
1445,http://unirioja.es
1446,http://einnews.com
1447,http://guardian.ng
1448,http://shalltry.com
1449,http://mql5.com
1450,http://moj.go.jp
1451,http://xuexila.com
1452,http://ename.net
1453,http://hao245.com
1454,http://okcs.com
1455,http://codegrepper.com
1456,http://zhongguowangshi.com
1457,http://tl88.net
1458,http://theladders.com
1459,http://seattleweekly.com
1460,http://51ade.com
1461,http://banesco.com
1462,http://6vhao.net
1463,http://staradvertiser.com
1464,http://gamecenter.run
1465,http://sitey.me
1466,http://indusind.com
1467,http://ssjzw.com
1468,http://anymind360.com
1469,http://inss.gov.br
1470,http://morgenpost.de
1471,http://alibabacloud.com
1472,http://qhnky.com
1473,http://phncdn.com
1474,http://flyertea.com
1475,http://cafis-paynet.jp
1476,http://byrenjia.com
1477,http://hpanalytics.net
1478,http://dzsc.com
1479,http://ludashi.com
1480,http://ovscdns.com
1481,http://alarab.com
1482,http://pcpop.com
1483,http://worldpopulationreview.com
1484,http://cainiao.com
1485,http://ccdi.gov.cn
1486,http://cdn77.org
1487,http://mediacdn.vn
1488,http://akahost.net
1489,http://ultimatix.net
1490,http://mxhichina.com
1491,http://myhuaweicloud.com
1492,http://qhyhgf.com
1493,http://thinkquest.org
1494,http://igodigital.com
1495,http://jcb.co.jp
1496,http://gcs-web.com
1497,http://npc.gov.cn
1498,http://firefox.com.cn
1499,http://baixaki.com.br
1500,http://yjtag.jp
1501,http://jianzhiba.net
1502,http://dede58.com
1503,http://uni-trier.de
1504,http://voxeu.org
1505,http://vseinstrumenti.ru
1506,http://ijie.com
1507,http://playfabapi.com
1508,http://y-medialink.com
1509,http://duapps.com
1510,http://1717pk.com
1511,http://seoccc.com
1512,http://fontanka.ru
1513,http://snackvideo.in
1514,http://uni-trier.de
1515,http://vseinstrumenti.ru
1516,http://ijie.com
1517,http://playfabapi.com
1518,http://y-medialink.com
1519,http://sumibuy.com
1520,http://duapps.com
1521,http://1717pk.com
1522,http://snackvideo.in
1523,http://wkzuche.com
1524,http://uni-due.de
1525,http://kajxushwnds.com
1526,http://netund.com
1527,http://sasac.gov.cn
1528,http://inmobicdn.net
1529,http://smith.edu
1530,http://ntnu.edu.tw
1531,http://dayoo.com
1532,http://westword.com
1533,http://gujarat.gov.in
1534,http://google.to
1535,http://thefreelibrary.com
1536,http://maff.go.jp
1537,http://cssmoban.com
1538,http://pc6.com
1539,http://ffmpeg.org
1540,http://wemakeprice.com
1541,http://kariyer.net
1542,http://distcache.org
1543,http://sfbassets.com
1544,http://znly.co
1545,http://mcafeewebadvisor.com
1546,http://fy169.net
1547,http://s-msn.com
1548,http://contentsquare.net
1549,http://sou300.com
1550,http://geocities.co.jp
1551,http://zdusercontent.com
1552,http://diandongwajueji.com
1553,http://bamgrid.com
1554,http://emol.com
1555,http://audrte.com
1556,http://gold678.com
1557,http://wechatos.net
1558,http://tp.edu.tw
1559,http://sse.com.cn
1560,http://osaka-u.ac.jp
1561,http://paragonrels.com
1562,http://peninsuladailynews.com
1563,http://msocdn.com
1564,http://pizzahut.com
1565,http://swiftserve.com
1566,http://assemblee-nationale.fr
1567,http://imtwjwoasak.com
1568,http://sc.gov.cn
1569,http://cnki.com.cn
1570,http://tdatamaster.com
1571,http://mokahr.com
1572,http://dailystrength.org
1573,http://cnfol.com
1574,http://netsolhost.com
1575,http://tmall.hk
1576,http://jobui.com
1577,http://haproxy.org
1578,http://ignou.ac.in
1579,http://ucc.ie
1580,http://spotxcdn.com
1581,http://sogoucdn.com
1582,http://voc.com.cn
1583,http://dahe.cn
1584,http://startappservice.com
1585,http://honda.co.jp
1586,http://uam.es
1587,http://bytetcdn.com
1588,http://shopifycdn.com
1589,http://vudu.com
1590,http://alikunlun.com
1591,http://wetv.vip
1592,http://qstheory.cn
1593,http://golden-farm.biz
1594,http://bih.nic.in
1595,http://goskope.com
1596,http://yougov.co.uk
1597,http://synology.me
1598,http://oliveogrill.com
1599,http://yellowblue.io
1600,http://douyinpic.com
1601,http://jetro.go.jp
1602,http://vonage.net
1603,http://uni-lj.si
1604,http://eb.mil.br
1605,http://moa.gov.cn
1606,http://cnipa.gov.cn
1607,http://visitbeijing.com.cn
1608,http://p-n.io
1609,http://uma.es
1610,http://jining.com
1611,http://sinajs.cn
1612,http://ksapisrv.com
1613,http://sld.cu
1614,http://dti.ne.jp
1615,http://ah.gov.cn
1616,http://instrument.com.cn
1617,http://xnxx-cdn.com
1618,http://agilent.com
1619,http://cbsistatic.com
1620,http://pointmediatracker.com
1621,http://isabellacharms.xyz
1622,http://lzu.edu.cn
1623,http://sjv.io
1624,http://eepw.com.cn
1625,http://seg-social.es
1626,http://alipaydns.com
1627,http://china-embassy.org
1628,http://museivaticani.va
1629,http://dapenti.com
1630,http://unlp.edu.ar
1631,http://besthookupwebsites.net
1632,http://nykaa.com
1633,http://bd-caict.com
1634,http://els-cdn.com
1635,http://rsa.com
1636,http://nsfc.gov.cn
1637,http://justin.tv
1638,http://globe.com.ph
1639,http://kyushu-u.ac.jp
1640,http://dspunion.com
1641,http://cedexis-test.com
1642,http://cac.gov.cn
1643,http://ntv.io
1644,http://optnx.com
1645,http://25pp.com
1646,http://bjnews.com.cn
1647,http://zuimeitianqi.com
1648,http://indiafcdn.com
1649,http://ecnu.edu.cn
1650,http://avacharms.xyz
1651,http://visitstats.com
1652,http://isprog.com
1653,http://governo.it
1654,http://javmodels.info
1655,http://tu-darmstadt.de
1656,http://galinka.info
1657,http://aibixby.com
1658,http://lidingzhong.com
1659,http://ovscdns.net
1660,http://proximabeta.com
1661,http://seneweb.com
1662,http://fashion-press.net
1663,http://cuisineandhealth.site
1664,http://santander.cl
1665,http://haiwainet.cn
1666,http://toshiba.co.jp
1667,http://asic.gov.au
1668,http://yn.gov.cn
1669,http://jstv.com
1670,http://cluodlfare.com
1671,http://sbb.ch
1672,http://jyb.cn
1673,http://weizmann.ac.il
1674,http://beginnersmind.info
1675,http://manhuagui.com
1676,http://9ku.com
1677,http://ravm.tv
1678,http://incapdns.net
1679,http://biliapi.com
1680,http://img-taboola.com
1681,http://dersyndikalist.info
1682,http://ebanking-services.com
1683,http://cdnbye.com
1684,http://mass.edu
1685,http://valassisdigital.io
1686,http://sanwen8.cn
1687,http://spokeo.com
1688,http://state.mi.us
1689,http://360kuai.com
1690,http://contaboserver.net
1691,http://ac-versailles.fr
1692,http://my-free.website
1693,http://bauhaus.info
1694,http://adobesc.com
1695,http://tpsl-india.in
1696,http://cao.go.jp
1697,http://joann.com
1698,http://exhentai.org
1699,http://iktogo.com
1700,http://rosreestr.ru
1701,http://osticket.com
1702,http://r-ad.ne.jp
1703,http://quovadisoffshore.com
1704,http://nexac.com
1705,http://mediawallahscript.com
1706,http://adscale.de
1707,http://umweltbundesamt.de
1708,http://csuchico.edu
1709,http://le.com
1710,http://ushistory.org
1711,http://online-loan.org
1712,http://cjdropshipping.com
1713,http://thedailyfunkclub.com
1714,http://workercn.cn
1715,http://portaldasfinancas.gov.pt
1716,http://gwallet.com
1717,http://cnn.io
1718,http://fuse-cloud.com
1719,http://sgi.com
1720,http://biologists.org
1721,http://bewusstsein-events.info
1722,http://ospserver.net
1723,http://natwest.com
1724,http://smartbrief.com
1725,http://tokopedia.net
1726,http://shandong.gov.cn
1727,http://hokudai.ac.jp
1728,http://online.de
1729,http://zhimg.com
1730,http://4gamer.net
1731,http://titech.ac.jp
1732,http://adliran.ir
1733,http://solidot.org
1734,http://sgmbocast.com
1735,http://iasds01.com
1736,http://kinozal.tv
1737,http://qiniup.com
1738,http://btinternet.com
1739,http://stylecraze.com
1740,http://xmsecu.net
1741,http://loupan.com
1742,http://chinabus.info
1743,http://epower.cn
1744,http://mtime.com
1745,http://vpser.net
1746,http://datafilehost.com
1747,http://nankai.edu.cn
1748,http://cebbank.com
1749,http://adap.tv
1750,http://nagoya-u.ac.jp
1751,http://kobobooks.com
1752,http://abstractfonts.com
1753,http://cdnkimg.com
1754,http://myzaker.com
1755,http://xtracloud.net
1756,http://csc.edu.cn
1757,http://clareityiam.net
1758,http://pclady.com.cn
1759,http://appboycdn.com
1760,http://tohoku.ac.jp
1761,http://nctu.edu.tw
1762,http://sportsmole.co.uk
1763,http://pinterest.com.mx
1764,http://webexcontent.com
1765,http://x2convert.com
1766,http://multiscreensite.com
1767,http://prmutv.co
1768,http://bilivideo.com
1769,http://samqaicongen.com
1770,http://redsys.es
1771,http://kakaocdn.net
1772,http://kiwibox.com
1773,http://info.gov.hk
1774,http://oktacdn.com
1775,http://unito.it
1776,http://soufun.com
1777,http://jtvnw.net
1778,http://wikiloc.com
1779,http://tsukuba.ac.jp
1780,http://bet365.mx
1781,http://mywebsite-editor.com
1782,http://kazeo.com
1783,http://marines.mil
1784,http://lbpicmt.com
1785,http://acorns.com
1786,http://chem17.com
1787,http://associatedcontent.com
1788,http://seg-social.gob.es
1789,http://f2s.com
1790,http://p-cdn.us
1791,http://shaanxi.gov.cn
1792,http://pipex.com
1793,http://cps.com.cn
1794,http://ayobandung.com
1795,http://outbrain.org
1796,http://mtvnservices.com
1797,http://t3n.de
1798,http://ks.gov
1799,http://hsleadflows.net
1800,http://sandiegoreader.com
1801,http://gazzettaufficiale.it
1802,http://rim.or.jp
1803,http://wpsmail.net
1804,http://wunderlist.com
1805,http://cloudapp.net
1806,http://noblogs.org
1807,http://yingjiesheng.com
1808,http://ycwb.com
1809,http://snackvideo.com
1810,http://spa.gov.sa
1811,http://salvationarmy.org
1812,http://peerj.com
1813,http://newduba.cn
1814,http://leju.com
1815,http://bestandfree.com
1816,http://samsungcloudcdn.com
1817,http://axis.com
1818,http://jnto.go.jp
1819,http://samsung-gamelauncher.com
1820,http://cs.com.cn
1821,http://biliapi.net
1822,http://qccoccocmedia.vn
1823,http://uni-kl.de
1824,http://cpuid.com
1825,http://onlinemektep.org
1826,http://sun.ac.za
1827,http://jc001.cn
1828,http://uodoo.com
1829,http://gitv.tv
1830,http://gansu.gov.cn
1831,http://sonyericsson.com
1832,http://up.gov.in
1833,http://mbank.pl
1834,http://yiche.com
1835,http://cib.com.cn
1836,http://ijinshan.com
1837,http://aramex.com
1838,http://gitter.im
1839,http://bnu.edu.cn
1840,http://ooyala.com
1841,http://mcu.edu.tw
1842,http://day.az
1843,http://china.cn
1844,http://zapps.vn
1845,http://weixinbridge.com
1846,http://linuxquestions.org
1847,http://sucursalelectronica.com
1848,http://awmdm.com
1849,http://fanatik.com.tr
1850,http://avlyun.com
1851,http://haodf.com
1852,http://newsis.com
1853,http://netacuity.com
1854,http://pxf.io
1855,http://yell.com
1856,http://singpass.gov.sg
1857,http://uni-regensburg.de
1858,http://worldmarket.com
1859,http://xdf.cn
1860,http://s1-n.com
1861,http://kym-cdn.com
1862,http://cnstock.com
1863,http://economia.gov.br
1864,http://hkjc.com
1865,http://bobibanking.com
1866,http://time.edu.cn
1867,http://taojindi.com
1868,http://unz.com
1869,http://microsoft.us
1870,http://template-help.com
1871,http://hangzhou.com.cn
1872,http://irontekcrew.com
1873,http://qiniu.com
1874,http://shanghai.gov.cn
1875,http://beanywhere.com
1876,http://microsoftonline-p.com
1877,http://osaka.lg.jp
1878,http://rapidshare.de
1879,http://iza.org
1880,http://rentracks.jp
1881,http://www.gob.pe
1882,http://swiss.com
1883,http://pcdn.co
1884,http://travelers.com
1885,http://al-maraabimedias.net
1886,http://kabutan.jp
1887,http://probit.com
1888,http://cpatrk.net
1889,http://super.cz
1890,http://davivienda.com
1891,http://hexagon-analytics.com
1892,http://hust.edu.cn
1893,http://learner.org
1894,http://geogslb.com
1895,http://wondershare.cn
1896,http://secu100.net
1897,http://allevents.in
1898,http://berliner-zeitung.de
1899,http://braintreepayments.com
1900,http://csai.cn
1901,http://wallstreetcn.com
1902,http://moj.gov.sa
1903,http://usemessages.com
1904,http://fareharbor.com
1905,http://jl.gov.cn
1906,http://laist.com
1907,http://100tal.com
1908,http://indexmundi.com
1909,http://10times.com
1910,http://dynamicdrive.com
1911,http://canon.jp
1912,http://ufba.br
1913,http://ric.edu
1914,http://gz.gov.cn
1915,http://turkcell.com.tr
1916,http://booksamillion.com
1917,http://hdsex.org
1918,http://divephotoguide.com
1919,http://societe.com
1920,http://holmesmind.com
1921,http://gov.on.ca
1922,http://realmemobile.com
1923,http://meishij.net
1924,http://msgamestudios.com
1925,http://10best.com
1926,http://55online.news
1927,http://labcorp.com
1928,http://freepikcompany.com
1929,http://xilinx.com
1930,http://sovrn.com
1931,http://mixkit.co
1932,http://moj.gov.cn
1933,http://themoviedb.org
1934,http://samaritans.org
1935,http://1xbet.com
1936,http://sciencedirectassets.com
1937,http://public.lu
1938,http://iplocation.net
1939,http://pocoo.org
1940,http://spdb.com.cn
1941,http://linewize.net
1942,http://zeiss.com
1943,http://travelclick.com
1944,http://rocketlawyer.com
1945,http://byteimg.com
1946,http://cxl.com
1947,http://qcc.com
1948,http://wisgoon.com
1949,http://legaldaily.com.cn
1950,http://question2answer.org
1951,http://shareholder.com
1952,http://gks.ru
1953,http://untappd.com
1954,http://cl.ly
1955,http://b2b168.com
1956,http://ticketleap.com
1957,http://indiatyping.com
1958,http://cashnetusaapplynow.com
1959,http://oneplus.in
1960,http://marieclaire.co.uk
1961,http://penny-arcade.com
1962,http://disp.cc
1963,http://adsafety.net
1964,http://nasims.gov.ng
1965,http://mitpressjournals.org
1966,http://vnecdn.net
1967,http://pgmall.my
1968,http://letgo.com
1969,http://goodnewsnetwork.org
1970,http://1and1-editor.com
1971,http://wholefreshposts.com
1972,http://summerhamster.com
1973,http://escapefromtarkov.com
1974,http://radionz.co.nz
1975,http://site-ym.com
1976,http://qtlcdn.com
1977,http://ntua.gr
1978,http://appnexusgslb.net
1979,http://lawyers.com
1980,http://duitang.com
1981,http://bochk.com
1982,http://chinahr.com
1983,http://domain.name
1984,http://connexion-mabanque.bnpparibas
1985,http://niaogebiji.com
1986,http://onethingpcs.com
1987,http://cihar.com
1988,http://fajar.co.id
1989,http://wallst.com
1990,http://acronymfinder.com
1991,http://a.com
1992,http://jdzj.com
1993,http://facemojikeyboard.com
1994,http://juneauempire.com
1995,http://tj.gov.cn
1996,http://invisionfree.com
1997,http://zagonka.net
1998,http://ndmdhs.com
1999,http://onezapp.com
2000,http://aircus.com
2001,http://fujian.gov.cn
2002,http://met.police.uk
2003,http://warnermediacdn.com
2004,http://gxnews.com.cn
2005,http://gobiernodecanarias.org
2006,http://feed-xml.com
2007,http://collegedekho.com
2008,http://cninfo.com.cn
2009,http://d3js.org
2010,http://eventscloud.com
2011,http://nvidiagrid.net
2012,http://mci.ir
2013,http://resultados-futbol.com
2014,http://exame.com
2015,http://tacobell.com
2016,http://twitchcdn.net
2017,http://portaleargo.it
2018,http://hebei.gov.cn
2019,http://kmail.com
2020,http://canvas-user-content.com
2021,http://ekatox.com
2022,http://kir.jp
2023,http://ruiwen.com
2024,http://placehold.it
2025,http://99.com.cn
2026,http://act.gov.au
2027,http://cztv.com
2028,http://canadapharmacyliiu.com
2029,http://isappcloud.com
2030,http://32.cn
2031,http://trackpush.com
2032,http://atmel.com
2033,http://datadoghq-browser-agent.com
2034,http://u-strasbg.fr
2035,http://effectivemeasure.net
2036,http://macromill.com
2037,http://xunyou.mobi
2038,http://processing.org
2039,http://pchome.net
2040,http://ebi.ac.uk
2041,http://assets-yammer.com
2042,http://exp-tas.com
2043,http://nanda.vn
2044,http://presstv.ir
2045,http://galegroup.com
2046,http://isanook.com
2047,http://meba.kr
2048,http://ydstatic.com
2049,http://ifrance.com
2050,http://faceueditor.com
2051,http://dlive.tv
